{
  "$schema": "https://vega.github.io/schema/vega/v5.json",
  "width": 500,
  "padding": 5,

  "config": {
    "axisBand": {
      "bandPosition": 1,
      "tickExtra": true,
      "tickOffset": 0
    }
  },

  "signals": [
    { "name": "fields",
      "value": ["petalWidth", "petalLength", "sepalWidth", "sepalLength"] },
    { "name": "plotWidth", "value": 60 },
    { "name": "height", "update": "(plotWidth + 10) * length(fields)"},
    { "name": "trim", "value": true,
      "bind": {"input": "checkbox"} },
    { "name": "bandwidth", "value": 0.3,
      "bind": {"input": "range", "min": 0, "max": 1.0, "step": 0.01} }
  ],

  "data": [
    {
      "name": "iris",
      "url": "data/iris.json",
      "transform": [
        {
          "type": "fold",
          "fields": {"signal": "fields"},
          "as": ["organ", "value"]
        }
      ]
    },
    {
      "name": "density",
      "source": "iris",
      "transform": [
        {
          "type": "kde",
          "field": "value",
          "groupby": ["organ"],
          "bandwidth": {"signal": "bandwidth"},
          "extent": {"signal": "trim ? null : [0, 8]"}
        }
      ]
    },
    {
      "name": "stats",
      "source": "iris",
      "transform": [
        {
          "type": "aggregate",
          "groupby": ["organ"],
          "fields": ["value", "value", "value"],
          "ops": ["q1", "median", "q3"],
          "as": ["q1", "median", "q3"]
        }
      ]
    }
  ],

  "scales": [
    {
      "name": "layout",
      "type": "band",
      "range": "height",
      "domain": {"data": "iris", "field": "organ"}
    },
    {
      "name": "xscale",
      "type": "linear",
      "range": "width", "round": true,
      "domain": {"data": "iris", "field": "value"},
      "zero": true, "nice": true
    },
    {
      "name": "hscale",
      "type": "linear",
      "range": [0, {"signal": "plotWidth"}],
      "domain": {"data": "density", "field": "density"}
    },
    {
      "name": "color",
      "type": "ordinal",
      "domain": {"data": "iris", "field": "organ"},
      "range": "category"
    }
  ],

  "axes": [
    {"orient": "bottom", "scale": "xscale", "zindex": 1},
    {"orient": "left", "scale": "layout", "tickCount": 5, "zindex": 1}
  ],

  "marks": [
    {
      "type": "group",
      "from": {
        "facet": {
          "data": "density",
          "name": "violin",
          "groupby": "organ"
        }
      },

      "encode": {
        "enter": {
          "yc": {"scale": "layout", "field": "organ", "band": 0.5},
          "height": {"signal": "plotWidth"},
          "width": {"signal": "width"}
        }
      },

      "data": [
        {
          "name": "summary",
          "source": "stats",
          "transform": [
            {
              "type": "filter",
              "expr": "datum.organ === parent.organ"
            }
          ]
        }
      ],

      "marks": [
        {
          "type": "area",
          "from": {"data": "violin"},
          "encode": {
            "enter": {
              "fill": {"scale": "color", "field": {"parent": "organ"}}
            },
            "update": {
              "x": {"scale": "xscale", "field": "value"},
              "yc": {"signal": "plotWidth / 2"},
              "height": {"scale": "hscale", "field": "density"}
            }
          }
        },
        {
          "type": "rect",
          "from": {"data": "summary"},
          "encode": {
            "enter": {
              "fill": {"value": "black"},
              "height": {"value": 2}
            },
            "update": {
              "x": {"scale": "xscale", "field": "q1"},
              "x2": {"scale": "xscale", "field": "q3"},
              "yc": {"signal": "plotWidth / 2"}
            }
          }
        },
        {
          "type": "rect",
          "from": {"data": "summary"},
          "encode": {
            "enter": {
              "fill": {"value": "black"},
              "width": {"value": 2},
              "height": {"value": 8}
            },
            "update": {
              "x": {"scale": "xscale", "field": "median"},
              "yc": {"signal": "plotWidth / 2"}
            }
          }
        }
      ]
    }
  ]
}